{
  "observation.state": {
    "mean": [
      -0.050133617415578445,
      0.21851626061982737,
      -0.21088541745540315,
      -2.0868285067817713,
      0.0999546435960856,
      2.3048049399665755,
      -0.2242237670733148,
      0.035210114596311674,
      0.03326343366387846
    ],
    "std": [
      0.2112945700248608,
      0.3933934187398928,
      0.16699024859933548,
      0.38757004215973223,
      0.12356061377382724,
      0.2594465192951988,
      0.4546103368064018,
      0.007607610205682947,
      0.009273934465481332
    ],
    "min": [
      -0.5604466199874878,
      -0.7853108048439026,
      -0.5575124621391296,
      -2.794294834136963,
      -0.17538364231586456,
      1.5741058588027954,
      -1.0720620155334473,
      -0.00024802793632261455,
      -0.0005200722371228039
    ],
    "max": [
      0.3255508542060852,
      1.1818442344665527,
      0.20326490700244904,
      -0.9610463380813599,
      0.44930553436279297,
      2.9969561100006104,
      0.7820675373077393,
      0.040000561624765396,
      0.04000232368707657
    ],
    "count": 2040
  },
  "action": {
    "mean": [
      -0.06274643355418988,
      0.34590011258454395,
      -0.2202142529568509,
      -2.062792905434677,
      0.10958603083186885,
      2.393224351371035,
      -0.3342883009314323,
      0.018235293710056538,
      0.018235293710056538
    ],
    "std": [
      0.21950921467599852,
      0.3117054197039736,
      0.16785735990297485,
      0.40896835019972033,
      0.13181150116782506,
      0.22508050859701545,
      0.39113901210638496,
      0.019926877394173818,
      0.019926877394173818
    ],
    "min": [
      -0.5604479908943176,
      -0.35072147846221924,
      -0.5575904846191406,
      -2.794294595718384,
      -0.17366626858711243,
      1.84160578250885,
      -1.0715274810791016,
      0.0,
      0.0
    ],
    "max": [
      0.3255505859851837,
      1.181622862815857,
      0.20323017239570618,
      -0.960858941078186,
      0.44905027747154236,
      3.0061657428741455,
      0.5742075443267822,
      0.03999999910593033,
      0.03999999910593033
    ],
    "count": 2040
  },
  "observation.images.top": {
    "mean": [
      [
        [
          0.5
        ]
      ],
      [
        [
          0.5
        ]
      ],
      [
        [
          0.5
        ]
      ]
    ],
    "std": [
      [
        [
          0.5
        ]
      ],
      [
        [
          0.5
        ]
      ],
      [
        [
          0.5
        ]
      ]
    ],
    "min": [
      [
        [
          0.0
        ]
      ],
      [
        [
          0.0
        ]
      ],
      [
        [
          0.0
        ]
      ]
    ],
    "max": [
      [
        [
          1.0
        ]
      ],
      [
        [
          1.0
        ]
      ],
      [
        [
          1.0
        ]
      ]
    ],
    "count": 1
  },
  "observation.images.wrist": {
    "mean": [
      [
        [
          0.5
        ]
      ],
      [
        [
          0.5
        ]
      ],
      [
        [
          0.5
        ]
      ]
    ],
    "std": [
      [
        [
          0.5
        ]
      ],
      [
        [
          0.5
        ]
      ],
      [
        [
          0.5
        ]
      ]
    ],
    "min": [
      [
        [
          0.0
        ]
      ],
      [
        [
          0.0
        ]
      ],
      [
        [
          0.0
        ]
      ]
    ],
    "max": [
      [
        [
          1.0
        ]
      ],
      [
        [
          1.0
        ]
      ],
      [
        [
          1.0
        ]
      ]
    ],
    "count": 1
  }
}