{
  "observation.state": {
    "mean": [
      -0.042274202483014,
      0.18663322003688798,
      -0.20713561338378164,
      -2.1332669628586642,
      0.09241316441876223,
      2.314893252498952,
      -0.20960795701333157,
      0.034585334072017915,
      0.03222893608656282
    ],
    "std": [
      0.21832333511029967,
      0.4021342022566105,
      0.18586803734843196,
      0.4114593301610775,
      0.1340488375647306,
      0.26519150032383226,
      0.4743003536895495,
      0.009104651154424019,
      0.010798299192109142
    ],
    "min": [
      -0.6265459060668945,
      -0.7853225469589233,
      -0.7104848623275757,
      -2.8640520572662354,
      -0.2107573300600052,
      1.5741033554077148,
      -1.3139243125915527,
      -0.001868769875727594,
      -0.0017131404019892216
    ],
    "max": [
      0.3849647045135498,
      1.4030486345291138,
      0.2868477702140808,
      -0.49923232197761536,
      0.53248131275177,
      3.000203847885132,
      0.782067596912384,
      0.040002692490816116,
      0.04019700363278389
    ],
    "count": 13600
  },
  "action": {
    "mean": [
      -0.054739682982482205,
      0.31127947763709507,
      -0.21751923876413082,
      -2.1112627353804014,
      0.10369289852694145,
      2.4067866825794377,
      -0.3192896851280638,
      0.018235293710056444,
      0.018235293710056444
    ],
    "std": [
      0.22666068888696655,
      0.3353608537996748,
      0.18760872415871152,
      0.43431595366949005,
      0.1455087312618374,
      0.23372437242017235,
      0.42146022227761065,
      0.019922725223513772,
      0.019922725223513772
    ],
    "min": [
      -0.6265542507171631,
      -0.4286280572414398,
      -0.7104421854019165,
      -2.8640496730804443,
      -0.21023011207580566,
      1.7174835205078125,
      -1.3097865581512451,
      0.0,
      0.0
    ],
    "max": [
      0.38488924503326416,
      1.4018735885620117,
      0.28680068254470825,
      -0.4990597665309906,
      0.5321274995803833,
      3.0429701805114746,
      0.7106669545173645,
      0.03999999910593033,
      0.03999999910593033
    ],
    "count": 13600
  },
  "observation.images.top": {
    "mean": [
      [
        [
          0.5
        ]
      ],
      [
        [
          0.5
        ]
      ],
      [
        [
          0.5
        ]
      ]
    ],
    "std": [
      [
        [
          0.5
        ]
      ],
      [
        [
          0.5
        ]
      ],
      [
        [
          0.5
        ]
      ]
    ],
    "min": [
      [
        [
          0.0
        ]
      ],
      [
        [
          0.0
        ]
      ],
      [
        [
          0.0
        ]
      ]
    ],
    "max": [
      [
        [
          1.0
        ]
      ],
      [
        [
          1.0
        ]
      ],
      [
        [
          1.0
        ]
      ]
    ],
    "count": 1
  },
  "observation.images.wrist": {
    "mean": [
      [
        [
          0.5
        ]
      ],
      [
        [
          0.5
        ]
      ],
      [
        [
          0.5
        ]
      ]
    ],
    "std": [
      [
        [
          0.5
        ]
      ],
      [
        [
          0.5
        ]
      ],
      [
        [
          0.5
        ]
      ]
    ],
    "min": [
      [
        [
          0.0
        ]
      ],
      [
        [
          0.0
        ]
      ],
      [
        [
          0.0
        ]
      ]
    ],
    "max": [
      [
        [
          1.0
        ]
      ],
      [
        [
          1.0
        ]
      ],
      [
        [
          1.0
        ]
      ]
    ],
    "count": 1
  }
}