{
  "observation.state": {
    "mean": [
      -0.054560445799656646,
      0.2256183912118157,
      -0.21987841878405617,
      -2.081346247476692,
      0.10561416642329484,
      2.303135665199334
    ],
    "std": [
      0.212893927670848,
      0.3917383511387839,
      0.1788670635941804,
      0.38244672489020354,
      0.128914065613255,
      0.2598249194860353
    ],
    "min": [
      -0.5241607427597046,
      -0.7852959632873535,
      -0.5588178634643555,
      -2.7802493572235107,
      -0.13907311856746674,
      1.5741058588027954
    ],
    "max": [
      0.314874529838562,
      1.196414828300476,
      0.17989511787891388,
      -0.9323663711547852,
      0.4376521408557892,
      2.9921681880950928
    ],
    "count": 680
  },
  "action": {
    "mean": [
      -0.06740264959414219,
      0.3530680696548453,
      -0.2292608603780322,
      -2.055557688720085,
      0.11544146973619182,
      2.3909546131596833
    ],
    "std": [
      0.22102255582657768,
      0.30643550138428216,
      0.1793596914293461,
      0.40508368241381804,
      0.13796049386190556,
      0.2247880003408375
    ],
    "min": [
      -0.5241613388061523,
      -0.3365880250930786,
      -0.5587026476860046,
      -2.7802491188049316,
      -0.13906548917293549,
      1.8300360441207886
    ],
    "max": [
      0.3148743212223053,
      1.1961926221847534,
      0.17986026406288147,
      -0.9321656823158264,
      0.43809521198272705,
      2.9984283447265625
    ],
    "count": 680
  },
  "observation.images.top": {
    "mean": [
      [
        [
          0.5
        ]
      ],
      [
        [
          0.5
        ]
      ],
      [
        [
          0.5
        ]
      ]
    ],
    "std": [
      [
        [
          0.5
        ]
      ],
      [
        [
          0.5
        ]
      ],
      [
        [
          0.5
        ]
      ]
    ],
    "min": [
      [
        [
          0.0
        ]
      ],
      [
        [
          0.0
        ]
      ],
      [
        [
          0.0
        ]
      ]
    ],
    "max": [
      [
        [
          1.0
        ]
      ],
      [
        [
          1.0
        ]
      ],
      [
        [
          1.0
        ]
      ]
    ],
    "count": 1
  },
  "observation.images.wrist": {
    "mean": [
      [
        [
          0.5
        ]
      ],
      [
        [
          0.5
        ]
      ],
      [
        [
          0.5
        ]
      ]
    ],
    "std": [
      [
        [
          0.5
        ]
      ],
      [
        [
          0.5
        ]
      ],
      [
        [
          0.5
        ]
      ]
    ],
    "min": [
      [
        [
          0.0
        ]
      ],
      [
        [
          0.0
        ]
      ],
      [
        [
          0.0
        ]
      ]
    ],
    "max": [
      [
        [
          1.0
        ]
      ],
      [
        [
          1.0
        ]
      ],
      [
        [
          1.0
        ]
      ]
    ],
    "count": 1
  }
}